dataset,outcome,method,diagnostic_oracle,participants,targets,mae,mae_ci_low,mae_ci_high,participant_sd_standardized_mae,standardized_ci_low,standardized_ci_high,b8_mae,absolute_mae_difference_vs_B8,relative_mae_percent_vs_B8,rank
Dejonckheere,sad,EWM8,False,100,7902,10.28195990119261,9.23989611446107,11.333254266180466,0.6387323634709914,0.6092891617838678,0.6677944537811501,11.786171070315504,-1.5042111691228932,-12.762509216512052,0
Dejonckheere,sad,L8,False,100,7902,10.61167882352001,9.46537406856365,11.745743883535216,0.6591017143278701,0.627455894282151,0.6885406723646808,11.786171070315504,-1.1744922467954932,-9.965002542289191,0
Dejonckheere,sad,Median8,False,100,7902,9.24105997515968,8.145386132055723,10.35792335238374,0.5610710736847182,0.5192539834200262,0.6008224216397225,11.786171070315504,-2.545111095155823,-21.594045088704902,0
Dejonckheere,sad,OnlineAR1,False,100,7902,10.560056820931742,9.476478243093908,11.714856136077078,0.6569740415140508,0.6283727466029081,0.6838749769013859,11.786171070315504,-1.2261142493837625,-10.402990437427452,0
Dejonckheere,stressed,EWM8,False,100,7902,16.853471706239876,15.711958785391994,18.040213492470475,0.7519003659164777,0.7297839499634965,0.7733555452193432,21.09377532459306,-4.240303618353185,-20.10215598252556,1
Dejonckheere,stressed,L8,False,100,7902,17.23905060411956,16.096957617404488,18.38654433993209,0.768064696034797,0.7463058205697863,0.7895074521426743,21.09377532459306,-3.8547247204735022,-18.274228587138264,1
Dejonckheere,stressed,Median8,False,100,7902,16.567841762267594,15.272130484906748,17.831306244455146,0.7337604008729016,0.6997867719118365,0.7646265100413109,21.09377532459306,-4.525933562325466,-21.45625186899909,1
Dejonckheere,stressed,OnlineAR1,False,100,7902,17.820064641025866,16.635807510283435,18.967316228855065,0.7975773637044788,0.777073632091697,0.8157782593500045,21.09377532459306,-3.273710683567195,-15.519794978333737,1
CES,phq2,EWM8,False,105,4541,0.7237823466051277,0.6413829342746231,0.8111331354440449,0.7125145767481866,0.672730616600662,0.7549002857454918,0.9746914470323302,-0.2509091004272025,-25.742413272544077,2
CES,phq2,L8,False,105,4541,0.7468146793894199,0.6597315650790121,0.8377334424335885,0.7314188609494656,0.6906321645244169,0.7732694126600741,0.9746914470323302,-0.2278767676429103,-23.379374912618037,2
CES,phq2,Median8,False,105,4541,0.68953032430665,0.5948297262584327,0.7884052585771935,0.644674797446617,0.5874636919020154,0.7037885294743632,0.9746914470323302,-0.2851611227256803,-29.256553301449205,2
CES,phq2,OnlineAR1,False,105,4541,0.7634465466337909,0.6794054543357254,0.8578365541117335,0.7515422501550327,0.7131932089350269,0.7915476586275556,0.9746914470323302,-0.2112449003985393,-21.673002368259464,2
Marian,depressed,EWM8,False,145,7071,0.3666813738428633,0.326226042872466,0.4066718382385838,0.623506216305432,0.585470188831631,0.6588616919168305,0.5257771808351789,-0.1590958069923155,-30.25916924344213,3
Marian,depressed,L8,False,145,7071,0.3788102158835336,0.3352396055778348,0.420866260978862,0.6385786221731757,0.5988799309190295,0.6737764248598299,0.5257771808351789,-0.1469669649516453,-27.952328535482152,3
Marian,depressed,Median8,False,145,7071,0.3231871222465336,0.278296022114791,0.3680945915829688,0.51298621197619,0.4659288754144009,0.5599465052438405,0.5257771808351789,-0.2025900585886452,-38.53154263310514,3
Marian,depressed,OnlineAR1,False,145,7071,0.4065584615646851,0.3656330844936594,0.4492122099467197,0.7097585540253037,0.6809016947250559,0.7386470271930753,0.5257771808351789,-0.1192187192704937,-22.67476102350409,3
