dataset,outcome,method,magnitude_sd,onset_fraction,ramp,metric,participants,targets,estimate,ci_low,ci_high
CES,phq2,B8,1.0,0.5,8,excess_detection,71,1136,0.0528169014084507,0.0299295774647887,0.0783450704225352
CES,phq2,L8,1.0,0.5,8,excess_detection,71,1136,0.0193661971830985,0.0105633802816901,0.0290492957746478
CES,phq2,A50,1.0,0.5,8,excess_detection,71,1136,0.0501760563380281,0.0246258802816901,0.0827684859154928
Dejonckheere,sad,B8,1.0,0.5,8,excess_detection,100,1600,0.031875,0.021875,0.0425
Dejonckheere,sad,L8,1.0,0.5,8,excess_detection,100,1600,0.011875,0.006875,0.0175
Dejonckheere,sad,A50,1.0,0.5,8,excess_detection,100,1600,0.02875,0.019984375,0.03875
Dejonckheere,stressed,B8,1.0,0.5,8,excess_detection,100,1600,0.100625,0.074375,0.13
Dejonckheere,stressed,L8,1.0,0.5,8,excess_detection,100,1600,0.020625,0.013125,0.02875
Dejonckheere,stressed,A50,1.0,0.5,8,excess_detection,100,1600,0.039375,0.026875,0.0512656249999999
Marian,depressed,B8,1.0,0.5,8,excess_detection,141,2256,0.051418439716312,0.0350177304964539,0.0704898049645389
Marian,depressed,L8,1.0,0.5,8,excess_detection,141,2256,0.0190602836879432,0.0132978723404255,0.0252659574468085
Marian,depressed,A50,1.0,0.5,8,excess_detection,141,2256,0.0341312056737588,0.0248226950354609,0.0443373226950354
