dataset,outcome,method,participants,targets,mae,mae_ci_low,mae_ci_high,b8_mae,relative_mae_vs_b8,signal_retention,mae_improvement_percent
CES,phq2,B8,105,4541,0.9746914470323302,0.8493409131125808,1.1117965279622746,0.9746914470323302,0.0,1.0,-0.0
CES,phq2,L8,105,4541,0.7468146793894199,0.6574176866202868,0.8401580816056095,0.9746914470323302,-0.2337937491261803,0.1640625,23.37937491261803
CES,phq2,A50,105,4541,0.8214147227428523,0.7260961996952885,0.9185381207258364,0.9746914470323302,-0.1572566628712746,0.58203125,15.72566628712746
Dejonckheere,sad,B8,100,7902,11.786171070315504,10.52665974560718,13.160678446324669,11.786171070315504,0.0,1.0,-0.0
Dejonckheere,sad,L8,100,7902,10.61167882352001,9.490834604450049,11.77061033590708,11.786171070315504,-0.0996500254228919,0.1640625,9.96500254228919
Dejonckheere,sad,A50,100,7902,10.75032930367188,9.57807921898114,11.904435032146166,11.786171070315504,-0.0878861981948049,0.58203125,8.78861981948049
Dejonckheere,stressed,B8,100,7902,21.09377532459306,19.62515351801385,22.682914111143788,21.09377532459306,0.0,1.0,-0.0
Dejonckheere,stressed,L8,100,7902,17.23905060411956,16.059692950743575,18.424112172950583,21.09377532459306,-0.1827422858713826,0.1640624999999999,18.27422858713826
Dejonckheere,stressed,A50,100,7902,18.397825468183186,17.17713395303138,19.61046673115442,21.09377532459306,-0.1278078397500844,0.58203125,12.78078397500844
Marian,depressed,B8,145,7071,0.5257771808351789,0.4657649953065453,0.5878594108829795,0.5257771808351789,0.0,1.0,-0.0
Marian,depressed,L8,145,7071,0.3788102158835336,0.3341206887873408,0.4206672010196329,0.5257771808351789,-0.2795232853548215,0.1640624999999999,27.952328535482152
Marian,depressed,A50,145,7071,0.4394201071331954,0.3960788404101145,0.4861101225483964,0.5257771808351789,-0.1642465227661805,0.58203125,16.42465227661805
