dataset,outcome,quartile,participants,estimate,ci_low,ci_high
CES,phq2,1,105,0.05535191264769994,0.017820275524163032,0.09739980581215267
CES,phq2,2,102,0.20590996920524646,0.11361106975931659,0.31521171658824226
CES,phq2,3,105,0.31221630457821686,0.18923263074187205,0.45160922906204903
CES,phq2,4,102,0.2999122748469998,0.17860380899237452,0.4368823902196739
Dejonckheere,angry,1,100,0.013562037264606964,-0.024807312841765097,0.056016973556575395
Dejonckheere,angry,2,100,0.07936541068947689,0.028794499621080234,0.1393188480003878
Dejonckheere,angry,3,100,0.0975738832946866,0.029568844825337864,0.170720586228365
Dejonckheere,angry,4,100,0.09450205479123336,0.034781090596124276,0.159825464168263
Dejonckheere,happy,1,100,0.07239702955844785,0.03281048334117071,0.11561353486466615
Dejonckheere,happy,2,100,0.1906050025723092,0.12404386096395774,0.2651834271740031
Dejonckheere,happy,3,100,0.18984128844670514,0.11540803704258468,0.2759467445874616
Dejonckheere,happy,4,100,0.24404912186270117,0.16334008298177002,0.33594019720761775
Dejonckheere,relaxed,1,100,0.09347575894252186,0.05837216612355035,0.13284099375210207
Dejonckheere,relaxed,2,100,0.1774094145795643,0.12127002249159924,0.2345207549678033
Dejonckheere,relaxed,3,100,0.19058262513985152,0.11844728768858692,0.2712170259685311
Dejonckheere,relaxed,4,100,0.21077214622434762,0.15180530400072212,0.2759706549535355
Dejonckheere,sad,1,100,0.02006939275571768,-0.015280864801149256,0.058485939555835975
Dejonckheere,sad,2,100,0.07371022612084065,0.02218643269032265,0.12331909817449993
Dejonckheere,sad,3,100,0.07988842409728464,0.02002395837478774,0.14035697353329285
Dejonckheere,sad,4,100,0.11241168957337817,0.05154348786757933,0.17660583458984522
Dejonckheere,stressed,1,100,0.08797290131144127,0.046393252019364596,0.13113450221924428
Dejonckheere,stressed,2,100,0.13382210605366,0.08142638326595374,0.19168376228566672
Dejonckheere,stressed,3,100,0.2095632139913451,0.14485513093017466,0.28130504557907615
Dejonckheere,stressed,4,100,0.2500492299957305,0.18586702711751485,0.3133704393465922
Marian,anhedonia,1,145,0.14639882411244626,0.097925497912243,0.1970607121306689
Marian,anhedonia,2,145,0.26963624571067735,0.19924337553775684,0.3446397208705433
Marian,anhedonia,3,145,0.3317581182357386,0.24576553195171758,0.42373345973928517
Marian,anhedonia,4,145,0.3256693376328239,0.23109374221269266,0.42520017188647485
Marian,depressed,1,145,0.10773225343887964,0.06576245403907098,0.15455934665877355
Marian,depressed,2,145,0.20437970388776663,0.1252598877493594,0.2941516276170296
Marian,depressed,3,145,0.32273056192770255,0.2395674454486818,0.4075630854982412
Marian,depressed,4,145,0.35010955124257764,0.2526902275792879,0.45075864116683706
