dataset,outcome,role,quantity,participants,targets,pearson_r,ci_low,ci_high,valid_bootstrap_draws,spearman_r,same_direction_fraction
Dejonckheere,sad,primary,slope_benefit,100,7902,-0.100123637158945,-0.3784160406059689,0.1921262038424327,2000,0.0358960203568647,0.53
Dejonckheere,sad,primary,mean_benefit,100,7902,0.6499935973370389,0.5297057187340704,0.7631005173454899,2000,0.6630262589887499,0.73
Dejonckheere,stressed,primary,slope_benefit,100,7902,-0.0841331795370563,-0.3049439101050491,0.1592162478015661,2000,0.0596939693969396,0.57
Dejonckheere,stressed,primary,mean_benefit,100,7902,0.496015778207006,0.351969950768547,0.6396677374542531,2000,0.5679567956795679,0.76
Dejonckheere,happy,secondary,slope_benefit,100,7902,-0.107554340169807,-0.4258078579081568,0.3231596884045021,2000,0.0145814581458145,0.52
Dejonckheere,happy,secondary,mean_benefit,100,7902,0.7220994533633046,0.52825425741907,0.8384307507774985,2000,0.5626162616261626,0.67
Dejonckheere,relaxed,secondary,slope_benefit,100,7902,-0.1893998736949235,-0.4493901837408231,0.1134661070325622,2000,-0.0521092109210921,0.55
Dejonckheere,relaxed,secondary,mean_benefit,100,7902,0.6131973934558039,0.4565449620772103,0.7354961216636284,2000,0.5499806480092201,0.69
Dejonckheere,angry,secondary,slope_benefit,100,7902,-0.0573637234215032,-0.3365533594845228,0.2226088790556989,2000,-0.0055925592559255,0.49
Dejonckheere,angry,secondary,mean_benefit,100,7902,0.7978124267403149,0.6958245426056061,0.8640304606837983,2000,0.6575237249466286,0.76
CES,phq2,primary,slope_benefit,97,4510,-0.2788025823237627,-0.4473049650271878,-0.0977403287882372,2000,-0.2901894785139073,0.4432989690721649
CES,phq2,primary,mean_benefit,97,4510,0.7491463816660207,0.3672425800483014,0.8835383242317612,2000,0.4071347999743532,0.6288659793814433
Marian,depressed,primary,slope_benefit,145,7071,0.0856708217011272,-0.1853643272681817,0.3365263182529925,2000,0.0396438632951837,0.5172413793103449
Marian,depressed,primary,mean_benefit,145,7071,0.6898339312327159,0.553906514529605,0.8003747190545369,2000,0.6632485374320358,0.7448275862068966
Marian,anhedonia,secondary,slope_benefit,145,7071,-0.087125168592217,-0.3945739515685311,0.2003256767490333,2000,-0.1668076024607312,0.4482758620689655
Marian,anhedonia,secondary,mean_benefit,145,7071,0.652828650674575,0.4339175189022911,0.8410577012052237,2000,0.7314143389454861,0.8137931034482758
