dataset,outcome,participants,simulation_draws_per_participant,generator,observed_mean,simulated_mean,observed_within_sd,simulated_within_sd,observed_floor_fraction,simulated_floor_fraction,observed_ceiling_fraction,simulated_ceiling_fraction,observed_lag1,simulated_lag1,observed_outside_scale_fraction,simulated_outside_scale_fraction,observed_integer_grid_fraction,simulated_integer_grid_fraction
CES,phq2,105,200,"Gaussian AR(1), clipped to scale bounds",1.1443844798669578,1.2266077095810077,0.9672758759052924,0.7892958260636647,0.48865963279293423,0.20257154850526313,0.034978877472716705,0.01023513855261962,0.260712278538289,0.23164910930980115,0.0,0.0,1.0,0.21282925908401304
Dejonckheere,angry,100,200,"Gaussian AR(1), clipped to scale bounds",10.256965257348243,12.543405287364553,14.188343020674546,11.024440609871712,0.48224571511857783,0.2715664759315744,0.002420936009340022,0.0003297520708609164,0.10614608278295416,0.08344423122290207,0.0,0.0,1.0,0.27214781430241997
Dejonckheere,happy,100,200,"Gaussian AR(1), clipped to scale bounds",62.652768696719065,62.13541608440697,18.728493081596817,17.3925336714717,0.010220171500750101,0.004370967758144112,0.07866923120594949,0.0496311300957162,0.26051222751444475,0.23598942338304735,0.0,0.0,1.0,0.05521227162891309
Dejonckheere,relaxed,100,200,"Gaussian AR(1), clipped to scale bounds",62.084246870374955,61.32786700725298,21.871368206630823,19.955499387848903,0.013979655652454721,0.008191439521040823,0.09790173046880404,0.06428793959253752,0.2256447873162881,0.20213855197326147,0.0,0.0,1.0,0.07358198254632618
Dejonckheere,sad,100,200,"Gaussian AR(1), clipped to scale bounds",11.628347637132272,13.872534604288335,15.125199098476994,11.872628221195946,0.44344599486037384,0.25629014463464855,0.0024885352699351563,0.0002727572964651606,0.17947929916777527,0.1503353688382324,0.0,0.0,1.0,0.2568512370230144
Dejonckheere,stressed,100,200,"Gaussian AR(1), clipped to scale bounds",26.099123895606553,27.88756283772937,21.937682348016953,18.76018585673544,0.24788334078253055,0.15249935523619781,0.007394265062736027,0.005305519420260907,0.22555728466475508,0.19848745080417718,0.0,0.0,1.0,0.1583607590249221
Marian,anhedonia,145,200,"Gaussian AR(1), clipped to scale bounds",1.5643873136886837,1.6275464190434488,0.5685280481764059,0.4350997052031823,0.6430216160834944,0.25589166608157904,0.05756872861213785,0.016778556057011913,0.2499402167007528,0.20463549607739415,0.0,0.0,1.0,0.30033350963088107
Marian,depressed,145,200,"Gaussian AR(1), clipped to scale bounds",1.4319965510285906,1.5068742291538575,0.5411821370047266,0.4110258293192751,0.7028981670760259,0.2890351798831765,0.03277508773654923,0.006532275779303964,0.24578889041639235,0.20756764366425196,0.0,0.0,1.0,0.3337027051210123
Corona Health,PHQ-9,324,200,"Gaussian AR(1), no scale-bound clipping",7.00476834001764,7.004517847621743,2.095387037703649,1.8384454367539913,0.11395334835510515,0.0,0.0061552616738212995,0.0,0.24397243725097345,0.35637374530041077,0.0,0.06269476259479724,1.0,0.00014273051567437558
