dataset,outcome,origin,participants,targets,mae_B,mae_L,relative_mae_percent,ci_low,ci_high,slope_participants,mean_slope,slope_ci_low,slope_ci_high,positive_slope_fraction
Dejonckheere,sad,early,100,7102,11.92273711582844,10.616872717084537,-10.952723238443784,-16.413554580219046,-5.393943256497015,100,0.41795321018880427,0.09376870982164841,0.7917634926055541,0.59
Dejonckheere,stressed,early,100,7102,21.185612405450136,16.959650197854526,-19.94732144966673,-24.296522175138037,-15.666793877546517,100,1.2357286414270592,0.6157689696877671,1.8567620119506927,0.62
Dejonckheere,happy,early,100,7102,18.009250350107127,14.328270887894384,-20.439381932357037,-26.015913103617322,-14.71656635427715,100,0.8065029484660227,0.3249385660524318,1.2977666771949863,0.58
Dejonckheere,relaxed,early,100,7102,21.125350108351682,17.028361385151534,-19.39370804359094,-23.81803271000575,-14.92348362657381,100,0.6717828580805574,0.1838616527208989,1.1974896048108807,0.61
Dejonckheere,angry,early,100,7102,10.736859003969926,9.46541054465593,-11.84190328702166,-18.252736466292603,-5.1022269810844,100,0.27488106391311634,0.04114416902902824,0.5236717211073254,0.55
Marian,depressed,early,145,5911,0.5292207427287355,0.3618540889429703,-31.625112221187624,-37.87915490363281,-25.218868896129756,145,0.04632460156803555,0.03012659213574728,0.06431542259521043,0.6137931034482759
Marian,anhedonia,early,145,5911,0.5749696441679185,0.38670682613415874,-32.74308825576504,-38.61516781510392,-26.324134930304528,145,0.027764499959097345,0.007631941751688899,0.05044761922657203,0.5103448275862069
CES,phq2,early,93,3724,1.013800687569074,0.7207809729557794,-28.903088960800304,-36.99437705072446,-20.594436814434104,93,0.08440796276280266,0.03441752902759035,0.13995810900183453,0.6344086021505376
Dejonckheere,sad,middle,100,3828,10.473754874554498,10.433284336847954,-0.38639951183948584,-6.963916618597729,6.464426068352715,100,0.4569262872276711,0.018198347372915404,0.8954670672025536,0.55
Dejonckheere,stressed,middle,100,3828,18.740638275695783,16.034409499965303,-14.440430127932801,-20.222336663428646,-8.644155865098922,100,0.5406600157865697,-0.08326921721698574,1.2017627588315394,0.57
Dejonckheere,happy,middle,100,3828,15.862259267054396,13.956833718646154,-12.012321298806238,-17.098374109926475,-7.118489356578688,100,0.7661458298063973,0.2840299336067493,1.3140501856384899,0.54
Dejonckheere,relaxed,middle,100,3828,18.59744568336423,16.403269113806587,-11.798268466084982,-16.343711881499445,-7.261921114615191,100,0.5271219031797554,-0.10190816356205941,1.1746825830434562,0.57
Dejonckheere,angry,middle,100,3828,9.488360406994753,9.230087920432634,-2.7219927941577904,-9.951219107460844,4.746586661785905,100,0.29223060221976604,-0.1422561824996282,0.733658670797482,0.54
Marian,depressed,middle,145,3353,0.4476293485373907,0.32988118376937065,-26.304835720168274,-33.69401594599707,-19.08957596524915,145,0.018505309597471847,-0.0024339077305715745,0.040434603126165015,0.45517241379310347
Marian,anhedonia,middle,145,3353,0.45967744236512015,0.37693136957850265,-18.000899143728834,-25.461054256709126,-11.216504534513431,145,0.01877747246960235,0.0007157352972325002,0.03665773364353847,0.5241379310344828
CES,phq2,middle,93,2114,0.8486921815945176,0.714034551856055,-15.866486419783987,-22.028369956442237,-9.89392429258966,93,0.03449226983566687,-0.006604923998853609,0.07718882468577132,0.5698924731182796
Dejonckheere,sad,late,100,500,10.474,9.670499999999999,-7.671376742409786,-20.350553694421425,6.005767130455275,100,-0.05888006048579805,-0.7679576844370534,0.6859033685326591,0.48
Dejonckheere,stressed,late,100,500,17.26575,15.2645,-11.59086631047015,-20.27876694184188,-2.701563910964175,100,-0.025668435790166005,-1.1283410704099042,1.0842489350769526,0.46
Dejonckheere,happy,late,100,500,15.658749999999998,13.021750000000003,-16.840424682685374,-24.53824688903318,-8.977145114763513,100,-0.425948327401657,-1.6706781109707671,0.6594394444987737,0.53
Dejonckheere,relaxed,late,100,500,16.534750000000003,14.95575,-9.54958496499797,-17.89328245508453,-1.7310093155975754,100,-0.09133696632260895,-1.1954954044766404,0.8829042984044562,0.53
Dejonckheere,angry,late,100,500,9.259,9.288000000000002,0.31320876984557433,-11.539409181973497,12.585832535385354,100,0.5801772903932214,-0.0804711970444528,1.280722865899992,0.53
Marian,depressed,late,145,725,0.3951724137931034,0.31051724137931036,-21.422338568935416,-33.992075939798085,-8.110094031334752,145,0.004011565904422123,-0.021087657345055966,0.02690220555397309,0.3724137931034483
Marian,anhedonia,late,145,725,0.42810344827586216,0.3591379310344827,-16.109544905356454,-27.21241086055458,-4.277681144723515,145,-0.02979077929893287,-0.06313518641912974,-0.0005510674834666844,0.2689655172413793
CES,phq2,late,93,465,0.8365591397849463,0.7220430107526881,-13.688946015424186,-21.55128256902361,-5.0243036537819705,93,0.0484468898379582,-0.008431583448878207,0.10781553905325685,0.4838709677419355
