dataset,outcome,window,participants,targets,mae_B,mae_L,relative_mae_percent,ci_low,ci_high
Dejonckheere,sad,4,100,7502,11.69669704172989,10.51523873716914,-10.100785720496152,-16.700165513437604,-3.0660482201734633
Dejonckheere,stressed,4,100,7502,21.11370960594828,17.021888862088478,-19.379923377874963,-24.15974971203197,-14.243473187041547
Dejonckheere,happy,4,100,7502,18.838475130961154,14.643553226143013,-22.267842145693418,-28.823860237780043,-15.257938814199232
Dejonckheere,relaxed,4,100,7502,21.87752091300798,17.485094536365583,-20.077349687417,-25.159125339010767,-14.825297933419616
Dejonckheere,angry,4,100,7502,10.398140634369177,9.587157379694606,-7.799310311249419,-14.61923457521645,0.15011143863228382
Marian,depressed,4,145,6491,0.5607857838282644,0.3482943360676048,-37.89173226005551,-44.37593650453759,-31.381165703216436
Marian,anhedonia,4,145,6491,0.6261434759404392,0.3714484839223493,-40.67677805562847,-47.959543816401904,-33.36927486782734
CES,phq2,4,99,4127,0.9749320702525544,0.6921579220465808,-29.004497526963235,-37.37049781569819,-20.2449049529116
Dejonckheere,sad,6,100,7502,11.86783738989946,10.536890565168568,-11.214737622404913,-16.660621545688358,-5.617798986158842
Dejonckheere,stressed,6,100,7502,21.036074259260726,17.011424933664944,-19.13213119517301,-24.08001881737531,-14.461532905240844
Dejonckheere,happy,6,100,7502,18.340623535902708,14.470994213310291,-21.098679197124458,-26.934275288241995,-14.905313989453814
Dejonckheere,relaxed,6,100,7502,21.421636664545417,17.229871566543036,-19.567903067556458,-24.57358863663598,-14.797755774595048
Dejonckheere,angry,6,100,7502,10.258589332305728,9.541780965792412,-6.987397031831522,-13.517609472835003,0.14528201354151768
Marian,depressed,6,145,6491,0.5425566328578131,0.35879352273689363,-33.869848600501385,-39.77047732505836,-27.51499186804792
Marian,anhedonia,6,145,6491,0.6016249629619684,0.3826509007830824,-36.39710378718585,-43.07632523525906,-29.770862859055274
CES,phq2,6,99,4127,0.9668915919611643,0.696064118619814,-28.010117741537687,-36.10383410253432,-19.46185713596695
Dejonckheere,sad,8,100,7502,11.864217435301319,10.620223455407453,-10.485259450761841,-15.70858296739639,-5.014545607582168
Dejonckheere,stressed,8,100,7502,21.100672819873193,17.050203590838947,-19.195924526252085,-23.201678562470768,-15.019276056974267
Dejonckheere,happy,8,100,7502,17.93658312244089,14.425610184603554,-19.574368840878464,-25.09342631535722,-14.159093534613431
Dejonckheere,relaxed,8,100,7502,21.061881629869713,17.11879119645385,-18.721453774689433,-23.055039820036725,-14.336943452691399
Dejonckheere,angry,8,100,7502,10.649196170339419,9.490473268145221,-10.88084850405442,-16.806959059497483,-4.70887081690913
Marian,depressed,8,145,6491,0.5270801752122244,0.3693667203480792,-29.922099574442008,-35.52919115464749,-23.863145619029275
Marian,anhedonia,8,145,6491,0.5708107388287976,0.39008867929873947,-31.660592073104254,-37.467340560417504,-25.73983728801172
CES,phq2,8,99,4127,0.9613339148014312,0.7064259941142563,-26.516064476912526,-34.60446228268301,-18.74166691313815
Dejonckheere,sad,12,100,7502,11.692072613527808,10.612842494234405,-9.230443181174962,-14.352339736160145,-4.282920179864424
Dejonckheere,stressed,12,100,7502,20.587368038320918,17.352200071783308,-15.714334928659813,-19.32515643463822,-11.841492907988064
Dejonckheere,happy,12,100,7502,17.2358680737384,14.509738309391523,-15.816608439354274,-20.512306027240832,-11.361277400959333
Dejonckheere,relaxed,12,100,7502,20.326124816976577,17.259705415157306,-15.086099438187883,-18.802136288650665,-11.323292521792116
Dejonckheere,angry,12,100,7502,10.587473108042273,9.471351273882815,-10.54190950729923,-15.396225468647886,-5.702574364363167
Marian,depressed,12,145,6491,0.5064722842253727,0.3849957432723312,-23.9848348540601,-29.59181848714715,-18.11402032873418
Marian,anhedonia,12,145,6491,0.5382651028117377,0.4044811115308668,-24.854665588020264,-30.290708186948734,-19.618771477169076
CES,phq2,12,99,4127,0.9236419057333787,0.7128237044930453,-22.82466829749805,-30.53674827945796,-15.352258297730978
