dataset,outcome,scenario,participants,median_calendar_days_in_B8,q1_calendar_days_in_B8,q3_calendar_days_in_B8
Dejonckheere,sad,original,100,2.0,2.0,2.0
Dejonckheere,sad,exclude_day1_reanchored,100,2.0,2.0,2.0
Dejonckheere,sad,prompt_adjusted,100,2.0,2.0,2.0
Dejonckheere,stressed,original,100,2.0,2.0,2.0
Dejonckheere,stressed,exclude_day1_reanchored,100,2.0,2.0,2.0
Dejonckheere,stressed,prompt_adjusted,100,2.0,2.0,2.0
Dejonckheere,happy,original,100,2.0,2.0,2.0
Dejonckheere,happy,exclude_day1_reanchored,100,2.0,2.0,2.0
Dejonckheere,happy,prompt_adjusted,100,2.0,2.0,2.0
Dejonckheere,relaxed,original,100,2.0,2.0,2.0
Dejonckheere,relaxed,exclude_day1_reanchored,100,2.0,2.0,2.0
Dejonckheere,relaxed,prompt_adjusted,100,2.0,2.0,2.0
Dejonckheere,angry,original,100,2.0,2.0,2.0
Dejonckheere,angry,exclude_day1_reanchored,100,2.0,2.0,2.0
Dejonckheere,angry,prompt_adjusted,100,2.0,2.0,2.0
Marian,depressed,original,145,3.0,3.0,3.0
Marian,depressed,exclude_day1_reanchored,145,3.0,3.0,3.0
Marian,depressed,prompt_adjusted,145,3.0,3.0,3.0
Marian,anhedonia,original,145,3.0,3.0,3.0
Marian,anhedonia,exclude_day1_reanchored,145,3.0,3.0,3.0
Marian,anhedonia,prompt_adjusted,145,3.0,3.0,3.0
