dataset,outcome,role,statistic,participants,targets,pooled_lag1_phi,observed,null_mean,null_ci_low,null_ci_high,z_from_null,monte_carlo_p_one_sided
CES,phq2,primary,participant_balanced_mae_B8_minus_L8,105,4541,0.37545896138348517,0.2278767676429103,0.0436331059279378,0.018077704400704712,0.07251886751277571,13.256444760464762,0.0001999600079984003
CES,phq2,primary,mean_within_person_age_slope,105,4541,0.37545896138348517,0.11343839796146443,0.007800127456561771,-0.012640707959813799,0.029299955337490018,10.009282428045916,0.0001999600079984003
Dejonckheere,angry,secondary,participant_balanced_mae_B8_minus_L8,100,7902,0.1265349688427652,1.089357643063864,0.17587339819372105,-0.0700533362810654,0.4623345226817246,6.851503529969036,0.0001999600079984003
Dejonckheere,angry,secondary,mean_within_person_age_slope,100,7902,0.1265349688427652,0.5227776790272695,0.011221608736974874,-0.10944323218161124,0.13529585535637542,8.204293295364485,0.0001999600079984003
Dejonckheere,happy,secondary,participant_balanced_mae_B8_minus_L8,100,7902,0.2585549623228029,3.331788158158527,0.6709968176875888,0.2671713514432042,1.114980467749585,12.3061233258849,0.0001999600079984003
Dejonckheere,happy,secondary,mean_within_person_age_slope,100,7902,0.2585549623228029,1.274692444748486,0.046006312598197124,-0.15266900739591246,0.2529981887619363,11.844784466458401,0.0001999600079984003
Dejonckheere,relaxed,secondary,participant_balanced_mae_B8_minus_L8,100,7902,0.23121149846387756,3.7421694587680365,0.6379497675694973,0.20329003835462797,1.123103571257101,13.05639838963637,0.0001999600079984003
Dejonckheere,relaxed,secondary,mean_within_person_age_slope,100,7902,0.23121149846387756,1.1938283609089504,0.04227954425653722,-0.17347808579716537,0.25924959714961104,10.39317852523586,0.0001999600079984003
Dejonckheere,sad,primary,participant_balanced_mae_B8_minus_L8,100,7902,0.19374532741687264,1.1744922467954977,0.3221546698585093,0.039674230402980064,0.6487996656964725,5.490565968855483,0.0001999600079984003
Dejonckheere,sad,primary,mean_within_person_age_slope,100,7902,0.19374532741687264,0.5328742814070168,0.020823115623628735,-0.12069357887522998,0.17003175302204854,6.975970871050492,0.0001999600079984003
Dejonckheere,stressed,primary,participant_balanced_mae_B8_minus_L8,100,7902,0.24088909247078,3.854724720473499,0.6488471185295037,0.21132992417319013,1.1189089063773905,13.77845240706475,0.0001999600079984003
Dejonckheere,stressed,primary,mean_within_person_age_slope,100,7902,0.24088909247078,1.5682265475100143,0.04225404688177173,-0.16660594433224934,0.26063859863804945,13.919144277969233,0.0001999600079984003
Marian,anhedonia,secondary,participant_balanced_mae_B8_minus_L8,145,7071,0.3208572671214271,0.16888646215562933,0.020254441680870976,0.008737019998337828,0.033202732352598414,23.699228756148496,0.0001999600079984003
Marian,anhedonia,secondary,mean_within_person_age_slope,145,7071,0.3208572671214271,0.05166492620045936,0.002329539193501867,-0.0042404587727959565,0.009218580395703165,14.230091742558844,0.0001999600079984003
Marian,depressed,primary,participant_balanced_mae_B8_minus_L8,145,7071,0.32837549599988825,0.14696696495164527,0.01985746974157894,0.008448475282935025,0.03273892912383913,20.602636993451164,0.0001999600079984003
Marian,depressed,primary,mean_within_person_age_slope,145,7071,0.32837549599988825,0.059221110599840164,0.002160864562239742,-0.004305896908821104,0.008929354315307335,17.009793352181802,0.0001999600079984003
