dataset,outcome,quantity,participants,pearson_r,ci_low,ci_high
Dejonckheere,sad,raw_mean_benefit,100,0.6499935973370389,0.526042045001753,0.7637520408874866
Dejonckheere,sad,participant_sd_standardized_mean_benefit,100,0.6926099271628897,0.5719435718204302,0.7818085532234776
Dejonckheere,sad,age_gradient,100,-0.10012363715894507,-0.3693017654814985,0.20826847372696952
Dejonckheere,stressed,raw_mean_benefit,100,0.496015778207006,0.34814223336731887,0.6282805993422836
Dejonckheere,stressed,participant_sd_standardized_mean_benefit,100,0.645086555862029,0.450570819885289,0.7898619325175331
Dejonckheere,stressed,age_gradient,100,-0.08413317953705633,-0.3263164279139258,0.14980573396083463
Dejonckheere,happy,raw_mean_benefit,100,0.7220994533633046,0.5187835157600659,0.8405142680959606
Dejonckheere,happy,participant_sd_standardized_mean_benefit,100,0.7116488383205848,0.547965293159089,0.8156374362242033
Dejonckheere,happy,age_gradient,100,-0.10755434016980701,-0.4358513860799634,0.30311866732976034
Dejonckheere,relaxed,raw_mean_benefit,100,0.6131973934558039,0.44924566726056075,0.7397819125483888
Dejonckheere,relaxed,participant_sd_standardized_mean_benefit,100,0.6272012455501265,0.495447329849943,0.7372460651705066
Dejonckheere,relaxed,age_gradient,100,-0.18939987369492356,-0.43279731584613174,0.12940826805185382
Dejonckheere,angry,raw_mean_benefit,100,0.7978124267403149,0.706960782435959,0.8643931286434166
Dejonckheere,angry,participant_sd_standardized_mean_benefit,100,0.8334432324798074,0.7589601436665638,0.8844350352433675
Dejonckheere,angry,age_gradient,100,-0.05736372342150326,-0.33386284132055083,0.22723746111709398
CES,phq2,raw_mean_benefit,94,0.7476184388825847,0.3474298595874233,0.8802302448067526
CES,phq2,participant_sd_standardized_mean_benefit,94,0.656584769508954,0.40923634861490066,0.7873302271281051
CES,phq2,age_gradient,94,-0.2807336109668939,-0.45360175540093745,-0.10836072528684093
Marian,depressed,raw_mean_benefit,134,0.6834162768890807,0.5491004406605454,0.7944121170178459
Marian,depressed,participant_sd_standardized_mean_benefit,134,0.792511436523088,0.7007287141233902,0.8655734872661972
Marian,depressed,age_gradient,134,0.08344146122106454,-0.18320326912139434,0.34566031210857145
Marian,anhedonia,raw_mean_benefit,137,0.6451007242726883,0.4370754703167397,0.8432007410222021
Marian,anhedonia,participant_sd_standardized_mean_benefit,137,0.8426562932413644,0.7611896349731749,0.8958024920440619
Marian,anhedonia,age_gradient,137,-0.08803545146421399,-0.3923289453112073,0.20815671247121717
