dataset,outcome,scenario,participants,targets,absolute_mae_B8_minus_L8,absolute_ci_low,absolute_ci_high,relative_mae_L8_vs_B8_percent,relative_ci_low,relative_ci_high
Dejonckheere,sad,original,100,7902,1.174492246795495,0.5243970102074378,1.8369736344160608,-9.965002542289202,-14.976004517963752,-4.8005871274245475
Dejonckheere,sad,exclude_day1_reanchored,100,7283,1.1970255683249835,0.35988753613789964,2.1145328227704283,-10.143936019011512,-16.820166905506607,-3.1507359857962136
Dejonckheere,sad,prompt_adjusted,100,7902,1.177035947392179,0.4771506689082914,1.8368140328579827,-9.955785624505653,-14.820393122080192,-4.284164513909948
Dejonckheere,stressed,original,100,7902,3.8547247204735022,2.9337151705569484,4.884780448589781,-18.274228587138264,-22.318169172437234,-14.379600256172326
Dejonckheere,stressed,exclude_day1_reanchored,100,7283,3.757572558512045,2.8015373358571636,4.742643292520013,-18.09784359601656,-21.956410325075023,-14.052009576821403
Dejonckheere,stressed,prompt_adjusted,100,7902,3.766615550914608,2.8218865847355263,4.733701515689488,-17.936854643136414,-21.695758873840933,-13.910946525096504
Dejonckheere,happy,original,100,7902,3.331788158158533,2.2652134923051612,4.529837717349981,-18.696049233420087,-24.072063973422317,-13.315499302084437
Dejonckheere,happy,exclude_day1_reanchored,100,7283,2.8462745181809748,2.020068632305066,3.775804781677507,-16.546032919959096,-20.85659039288817,-12.353423361283332
Dejonckheere,happy,prompt_adjusted,100,7902,3.3373039974845202,2.2793752968384777,4.4945737165151725,-18.804106641167518,-24.047123422636886,-13.374078104397856
Dejonckheere,relaxed,original,100,7902,3.742169458768032,2.7728365725667787,4.8101873744383585,-17.823041566194487,-22.09431279242009,-13.70910842319653
Dejonckheere,relaxed,exclude_day1_reanchored,100,7283,3.269100645323814,2.3108821995137276,4.281095922148955,-16.085889959805755,-20.19920885817787,-11.902439557019632
Dejonckheere,relaxed,prompt_adjusted,100,7902,3.712002533033143,2.746094826847189,4.790555649139938,-17.808508039206938,-22.066044951131502,-13.769038865588975
Dejonckheere,angry,original,100,7902,1.089357643063865,0.3967570373155716,1.8729693183030274,-10.209867320642395,-16.02257461416748,-3.963448016678539
Dejonckheere,angry,exclude_day1_reanchored,100,7283,1.6167831878644048,0.787352218650532,2.4924695284450307,-14.579083255132641,-21.123009738483542,-7.709944612723811
Dejonckheere,angry,prompt_adjusted,100,7902,1.0994037889305428,0.42615648450650057,1.8393387011718434,-10.256772712288221,-16.16307683838333,-4.309306645236687
Marian,depressed,original,145,7071,0.14696696495164507,0.11084094445925034,0.18467263111480767,-27.952328535482117,-33.312376943606765,-22.43722848768198
Marian,depressed,exclude_day1_reanchored,145,6680,0.13396443634084476,0.09316083766824804,0.17538311096449402,-26.46656966047891,-32.50610848461652,-20.042232311862566
Marian,depressed,prompt_adjusted,145,7071,0.14577471861338015,0.10879167053744575,0.1843741201448703,-27.61348622595966,-33.01420179377267,-21.833983927077735
Marian,anhedonia,original,145,7071,0.16888646215562908,0.13182952892578856,0.21126782338153213,-29.804527408455826,-35.107184956259545,-24.527440462502767
Marian,anhedonia,exclude_day1_reanchored,145,6680,0.1350636862556474,0.09887090001594938,0.17133464181321262,-25.63464337382413,-30.8079071356197,-19.932336590081366
Marian,anhedonia,prompt_adjusted,145,7071,0.16633698446760176,0.12642645747013143,0.20864430578897528,-29.252014770005896,-34.68479294541514,-23.817146457717957
