dataset,outcome,method,diagnostic_oracle,participants,targets,mae,mae_ci_low,mae_ci_high,participant_sd_standardized_mae,standardized_ci_low,standardized_ci_high,b8_mae,absolute_mae_difference_vs_B8,relative_mae_percent_vs_B8
Dejonckheere,sad,B8,False,100,7902,11.786171070315504,10.478963429018087,13.17231450184895,0.731652392065696,0.6790462946664017,0.7853586709792932,11.786171070315504,0.0,0.0
Dejonckheere,sad,L8,False,100,7902,10.61167882352001,9.46537406856365,11.745743883535216,0.6591017143278701,0.627455894282151,0.6885406723646808,11.786171070315504,-1.1744922467954932,-9.965002542289191
Dejonckheere,sad,Last,False,100,7902,11.115108027227164,9.921068493239742,12.32420993997871,0.6941995009141715,0.6568223100702921,0.7314533061532198,11.786171070315504,-0.6710630430883402,-5.693647572946492
Dejonckheere,sad,Cumulative,False,100,7902,10.796574260397975,9.641815321316766,11.957807964748023,0.6701452943950179,0.639731415108044,0.6988058930670424,11.786171070315504,-0.9895968099175292,-8.396253575598568
Dejonckheere,sad,EWM8,False,100,7902,10.28195990119261,9.23989611446107,11.333254266180466,0.6387323634709914,0.6092891617838678,0.6677944537811501,11.786171070315504,-1.5042111691228932,-12.762509216512052
Dejonckheere,sad,Median8,False,100,7902,9.241059975159681,8.145386132055723,10.357923352383741,0.5610710736847182,0.5192539834200262,0.6008224216397225,11.786171070315504,-2.545111095155823,-21.594045088704906
Dejonckheere,sad,OnlineAR1,False,100,7902,10.560056820931742,9.476478243093908,11.714856136077078,0.6569740415140508,0.6283727466029081,0.6838749769013859,11.786171070315504,-1.2261142493837625,-10.402990437427452
Dejonckheere,sad,OracleMean,True,100,7902,10.586079624196202,9.422014820215999,11.687578373271522,0.6553159235407,0.6255996457732227,0.6842206418032847,11.786171070315504,-1.200091446119302,-10.182199451879981
Dejonckheere,stressed,B8,False,100,7902,21.09377532459306,19.5841635870865,22.575171237050647,0.9566720100283717,0.9082684727464609,1.0067035508300866,21.09377532459306,0.0,0.0
Dejonckheere,stressed,L8,False,100,7902,17.23905060411956,16.096957617404488,18.386544339932094,0.768064696034797,0.7463058205697863,0.7895074521426743,21.09377532459306,-3.8547247204735022,-18.274228587138264
Dejonckheere,stressed,Last,False,100,7902,18.52471597557853,17.19525534203884,19.84820655276914,0.8320063590233607,0.7970369467181203,0.86492333913603,21.09377532459306,-2.5690593490145304,-12.179229699196071
Dejonckheere,stressed,Cumulative,False,100,7902,18.595554163695798,17.310113253673315,19.755967049418373,0.8301514907009931,0.8084785442357645,0.8478193564041795,21.09377532459306,-2.4982211608972626,-11.84340461797091
Dejonckheere,stressed,EWM8,False,100,7902,16.853471706239876,15.711958785391994,18.040213492470475,0.7519003659164777,0.7297839499634965,0.7733555452193432,21.09377532459306,-4.240303618353185,-20.10215598252556
Dejonckheere,stressed,Median8,False,100,7902,16.567841762267594,15.272130484906748,17.831306244455146,0.7337604008729016,0.6997867719118365,0.7646265100413109,21.09377532459306,-4.525933562325466,-21.45625186899909
Dejonckheere,stressed,OnlineAR1,False,100,7902,17.820064641025866,16.635807510283435,18.967316228855065,0.7975773637044788,0.777073632091697,0.8157782593500045,21.09377532459306,-3.273710683567195,-15.519794978333735
Dejonckheere,stressed,OracleMean,True,100,7902,17.67537631226156,16.44099921752873,18.947909487408396,0.7847990610860616,0.7628243821315764,0.8058053521159341,21.09377532459306,-3.418399012331502,-16.205724009708298
Dejonckheere,happy,B8,False,100,7902,17.820813994235753,16.52111786377698,19.288078878048474,0.9498549087364074,0.9008529573268904,1.005153670366496,17.820813994235753,0.0,0.0
Dejonckheere,happy,L8,False,100,7902,14.489025836077221,13.644233977396368,15.355206906594809,0.7687571235970032,0.7535318745434951,0.784916052678123,17.820813994235753,-3.331788158158531,-18.696049233420077
Dejonckheere,happy,Last,False,100,7902,16.410632596182406,15.367091716749085,17.45520653134398,0.874421266104648,0.8476499312495304,0.8995538500398675,17.820813994235753,-1.4101813980533464,-7.913114398194598
Dejonckheere,happy,Cumulative,False,100,7902,15.125448968859654,14.251874815566305,16.028384874287408,0.8008665141905625,0.7876905355986183,0.8141382204283385,17.820813994235753,-2.6953650253760983,-15.124814311220181
Dejonckheere,happy,EWM8,False,100,7902,14.10556545629099,13.30147018716412,15.024514688042913,0.7475110830927431,0.7321371646160127,0.7634390610668678,17.820813994235753,-3.7152485379447633,-20.847804927128934
Dejonckheere,happy,Median8,False,100,7902,14.312441871067143,13.401432893717947,15.255490098255514,0.7580936934824234,0.740266944866756,0.7770287782588314,17.820813994235753,-3.508372123168609,-19.6869353122894
Dejonckheere,happy,OnlineAR1,False,100,7902,14.453485169157013,13.574244697256528,15.309166821824371,0.7658034246719868,0.7533270712848944,0.7782354073155732,17.820813994235753,-3.36732882507874,-18.89548269887067
Dejonckheere,happy,OracleMean,True,100,7902,14.468459510271497,13.54453194145353,15.37431261096261,0.7646701718406779,0.7514170701609392,0.7777365963285792,17.820813994235753,-3.3523544839642554,-18.811455442207038
Dejonckheere,relaxed,B8,False,100,7902,20.996244916276922,19.65999351312242,22.373934053408277,0.9555920364860675,0.9174404275120376,0.9976689827871142,20.996244916276922,0.0,0.0
Dejonckheere,relaxed,L8,False,100,7902,17.25407545750889,16.292089560233457,18.243042853072982,0.7855803127433093,0.7696448179561649,0.802878306925357,20.996244916276922,-3.742169458768032,-17.823041566194487
Dejonckheere,relaxed,Last,False,100,7902,19.57670585829405,18.550013696389062,20.635512156139324,0.8988017525254611,0.8757297749680509,0.9211555853784241,20.996244916276922,-1.4195390579828704,-6.760918743533995
Dejonckheere,relaxed,Cumulative,False,100,7902,18.126122520277697,17.07003563173584,19.13441549354331,0.8215690931191619,0.8091257530426973,0.8344019265573599,20.996244916276922,-2.870122395999225,-13.669693830701224
Dejonckheere,relaxed,EWM8,False,100,7902,16.85874829246105,15.955067353923612,17.826580052777725,0.7674942880301358,0.7517425769786996,0.7838663517828192,20.996244916276922,-4.137496623815871,-19.705888554426032
Dejonckheere,relaxed,Median8,False,100,7902,17.171439408001795,16.17441653671027,18.188628796990383,0.7823109374334642,0.7631468053993353,0.8019273239596504,20.996244916276922,-3.8248055082751264,-18.216616940441675
Dejonckheere,relaxed,OnlineAR1,False,100,7902,17.505915145610487,16.493302751233593,18.51340244367433,0.7955052821806728,0.7829859645785815,0.8075710591674867,20.996244916276922,-3.4903297706664347,-16.623590478127003
Dejonckheere,relaxed,OracleMean,True,100,7902,17.429659673827576,16.415910223095924,18.424149208412725,0.7886071666769794,0.7756195198279391,0.8020155270506318,20.996244916276922,-3.566585242449346,-16.986776714937356
Dejonckheere,angry,B8,False,100,7902,10.66965523500381,9.316179277503213,12.042268828245591,0.7092722975572049,0.6505902181588956,0.7688170367170524,10.66965523500381,0.0,0.0
Dejonckheere,angry,L8,False,100,7902,9.580297591939946,8.559685455077087,10.550896767315649,0.6361621726932748,0.6067271591339515,0.6631317675208782,10.66965523500381,-1.089357643063865,-10.209867320642395
Dejonckheere,angry,Last,False,100,7902,10.559429907656897,9.44771117639072,11.78525401868272,0.6987342588477055,0.6597671141943677,0.7376022678884044,10.66965523500381,-0.11022532734691382,-1.03307299925961
Dejonckheere,angry,Cumulative,False,100,7902,9.729674832801937,8.702847222551213,10.742336664157722,0.6467326294490661,0.6161629987984301,0.6771177183893311,10.66965523500381,-0.9399804022018738,-8.809847942584792
Dejonckheere,angry,EWM8,False,100,7902,9.387640435003751,8.386625718539474,10.376412630452085,0.6237026791732878,0.5952422738522669,0.6522108326088722,10.66965523500381,-1.2820148000000593,-12.015522261620681
Dejonckheere,angry,Median8,False,100,7902,7.983214539749599,6.99179210939952,9.043601045536857,0.5144619697163922,0.4780795143754719,0.5518407476918707,10.66965523500381,-2.6864406952542117,-25.178327097588284
Dejonckheere,angry,OnlineAR1,False,100,7902,9.680428496101436,8.715170422260197,10.678313047063233,0.645678243344631,0.617303095795484,0.6726096937993706,10.66965523500381,-0.9892267389023743,-9.271403031440318
Dejonckheere,angry,OracleMean,True,100,7902,9.432119241265235,8.450201415933524,10.476464726213218,0.6244306186168332,0.5959438743649822,0.6529603828016047,10.66965523500381,-1.2375359937385753,-11.598650251402741
Marian,depressed,B8,False,145,7071,0.5257771808351789,0.4680615718570719,0.5868738198343351,0.9356054150229389,0.8747166966676195,1.0000155681899727,0.5257771808351789,0.0,0.0
Marian,depressed,L8,False,145,7071,0.3788102158835336,0.33523960557783483,0.42086626097886204,0.6385786221731757,0.5988799309190295,0.6737764248598299,0.5257771808351789,-0.1469669649516453,-27.952328535482152
Marian,depressed,Last,False,145,7071,0.33527608065528325,0.2955335567221748,0.3774794011400866,0.5576660859284359,0.5165758301720692,0.5996993379008174,0.5257771808351789,-0.19050110017989563,-36.23228757803661
Marian,depressed,Cumulative,False,145,7071,0.4369324115004359,0.3911018068781876,0.4816963620308518,0.7565520190955864,0.7249828893547547,0.7848081270341429,0.5257771808351789,-0.088844769334743,-16.897798644212013
Marian,depressed,EWM8,False,145,7071,0.3666813738428633,0.32622604287246604,0.4066718382385838,0.623506216305432,0.585470188831631,0.6588616919168305,0.5257771808351789,-0.15909580699231557,-30.25916924344213
Marian,depressed,Median8,False,145,7071,0.3231871222465336,0.278296022114791,0.36809459158296887,0.51298621197619,0.4659288754144009,0.5599465052438405,0.5257771808351789,-0.20259005858864526,-38.53154263310514
Marian,depressed,Mode8,False,145,7071,0.32113474239244644,0.27666956217799443,0.3648630063750036,0.5053105019132645,0.45932733758526184,0.5502299787251473,0.5257771808351789,-0.20464243844273244,-38.92189427423705
Marian,depressed,OnlineAR1,False,145,7071,0.40655846156468517,0.36563308449365944,0.44921220994671973,0.7097585540253037,0.6809016947250559,0.7386470271930753,0.5257771808351789,-0.11921871927049371,-22.674761023504086
Marian,depressed,OracleMean,True,145,7071,0.4037215662321618,0.3584612197703054,0.44854406995573975,0.6820046760123295,0.6450676678094542,0.7155806192939577,0.5257771808351789,-0.12205561460301706,-23.2143233012007
Marian,anhedonia,B8,False,145,7071,0.5666470058093067,0.5062757916326808,0.6278504661276136,0.9585012950649922,0.9000497278669135,1.0221617082446615,0.5666470058093067,0.0,0.0
Marian,anhedonia,L8,False,145,7071,0.3977605436536774,0.35223834221236017,0.4443262051840028,0.6339314751622822,0.5951240877914622,0.6726346091786465,0.5666470058093067,-0.1688864621556293,-29.80452740845586
Marian,anhedonia,Last,False,145,7071,0.3600792876943518,0.31413023804387513,0.40657839800027085,0.5693426955072316,0.5217299804699485,0.61668338636014,0.5666470058093067,-0.2065677181149549,-36.45439153427221
Marian,anhedonia,Cumulative,False,145,7071,0.4597123190657183,0.40935962800027,0.5082444112448683,0.7501045117462455,0.7186788447962323,0.7803264863397075,0.5666470058093067,-0.10693468674358841,-18.87148183036108
Marian,anhedonia,EWM8,False,145,7071,0.3883141004241538,0.3452769195486123,0.432285309888944,0.6240050857405376,0.5861971214344786,0.65911838183684,0.5666470058093067,-0.1783329053851529,-31.47160464219715
Marian,anhedonia,Median8,False,145,7071,0.3413644053484196,0.2981759720860404,0.38819442919344616,0.5164503059852068,0.4716625434589482,0.5606328839036493,0.5666470058093067,-0.2252826004608871,-39.7571324212911
Marian,anhedonia,Mode8,False,145,7071,0.34316969589161683,0.29609009955959004,0.3923900101720315,0.5145429956770725,0.467078493065491,0.561940430001231,0.5666470058093067,-0.22347730991768988,-39.4385406834562
Marian,anhedonia,OnlineAR1,False,145,7071,0.42920957101464435,0.3833233670087209,0.47459495925208,0.7067062568530302,0.6760716715550784,0.7364524553291733,0.5666470058093067,-0.13743743479466236,-24.25450648916233
Marian,anhedonia,OracleMean,True,145,7071,0.42907927028284,0.3794978135012158,0.47964826674294064,0.6843577988968751,0.6456384213799511,0.7188107145676925,0.5666470058093067,-0.13756773552646673,-24.27750153377891
CES,phq2,B8,False,105,4541,0.9746914470323302,0.8528813712168227,1.1133166220535002,0.9315411458347395,0.8679904703011481,0.9991641202757107,0.9746914470323302,0.0,0.0
CES,phq2,L8,False,105,4541,0.7468146793894199,0.6597315650790121,0.8377334424335885,0.7314188609494656,0.6906321645244169,0.7732694126600741,0.9746914470323302,-0.22787676764291032,-23.379374912618033
CES,phq2,Last,False,105,4541,0.7218821797090438,0.6330136022763995,0.8170936909493755,0.7065912031649418,0.6511445249906378,0.7631731182842236,0.9746914470323302,-0.25280926732328646,-25.937363879925467
CES,phq2,Cumulative,False,105,4541,0.8144205316913856,0.7221732227030364,0.9167411323507229,0.793995838139466,0.7567693718872451,0.8332789991303086,0.9746914470323302,-0.16027091534094462,-16.44324630414331
CES,phq2,EWM8,False,105,4541,0.7237823466051277,0.6413829342746231,0.8111331354440449,0.7125145767481866,0.672730616600662,0.7549002857454918,0.9746914470323302,-0.2509091004272025,-25.742413272544074
CES,phq2,Median8,False,105,4541,0.68953032430665,0.5948297262584327,0.7884052585771935,0.644674797446617,0.5874636919020154,0.7037885294743632,0.9746914470323302,-0.2851611227256803,-29.256553301449205
CES,phq2,Mode8,False,105,4541,0.7055824240811198,0.6068801563156012,0.8127267218119132,0.6604229718703185,0.5995041726973178,0.7273766641637551,0.9746914470323302,-0.2691090229512104,-27.609662911332002
CES,phq2,OnlineAR1,False,105,4541,0.7634465466337909,0.6794054543357254,0.8578365541117335,0.7515422501550327,0.7131932089350269,0.7915476586275556,0.9746914470323302,-0.21124490039853938,-21.673002368259464
CES,phq2,OracleMean,True,105,4541,0.7683895701802493,0.6818022812417792,0.8549081600673517,0.7500368017753035,0.7127456828819787,0.7875866345797139,0.9746914470323302,-0.2063018768520809,-21.165865103281035
