dataset,outcome,role,mean_block_length_reports,participants,targets,slope_participants,slope_targets,draws,statistic,observed,null_mean,null_ci_low,null_ci_high,monte_carlo_p_one_sided
CES,phq2,primary,8,105,4541,99,4523,1000,participant_balanced_mae_B8_minus_L8,0.2278767676429103,0.06371715927616015,0.02496499834926451,0.10481154698082511,0.000999000999000999
CES,phq2,primary,8,105,4541,99,4523,1000,mean_age_slope_minimum_5_targets,0.1095578355386004,0.008199915497276831,-0.016688560640357186,0.03157373455950992,0.000999000999000999
CES,phq2,primary,16,105,4541,99,4523,1000,participant_balanced_mae_B8_minus_L8,0.2278767676429103,0.08311889785688774,0.04508464442519418,0.12456218533291331,0.000999000999000999
CES,phq2,primary,16,105,4541,99,4523,1000,mean_age_slope_minimum_5_targets,0.1095578355386004,0.011284053857408619,-0.01278980909521142,0.03662330308962878,0.000999000999000999
CES,phq2,primary,32,105,4541,99,4523,1000,participant_balanced_mae_B8_minus_L8,0.2278767676429103,0.09863805854746752,0.058037683973622634,0.1437680986693784,0.000999000999000999
CES,phq2,primary,32,105,4541,99,4523,1000,mean_age_slope_minimum_5_targets,0.1095578355386004,0.01426629291327266,-0.012112106487131086,0.042093255906852624,0.000999000999000999
Dejonckheere,angry,secondary,8,100,7902,100,7902,1000,participant_balanced_mae_B8_minus_L8,1.089357643063864,0.3479421726904907,-0.2609148044115384,0.9848268301105205,0.01898101898101898
Dejonckheere,angry,secondary,8,100,7902,100,7902,1000,mean_age_slope_minimum_5_targets,0.5227776790272695,0.025522345756228474,-0.18213052792202622,0.25338493286165825,0.001998001998001998
Dejonckheere,angry,secondary,16,100,7902,100,7902,1000,participant_balanced_mae_B8_minus_L8,1.089357643063864,0.43078730931606307,-0.20594386215123045,1.1440560917388536,0.03396603396603397
Dejonckheere,angry,secondary,16,100,7902,100,7902,1000,mean_age_slope_minimum_5_targets,0.5227776790272695,0.030399757946150848,-0.18149083735192126,0.24707277240511144,0.000999000999000999
Dejonckheere,angry,secondary,32,100,7902,100,7902,1000,participant_balanced_mae_B8_minus_L8,1.089357643063864,0.49445456349230527,-0.13494701003552656,1.1984054274487879,0.03996003996003996
Dejonckheere,angry,secondary,32,100,7902,100,7902,1000,mean_age_slope_minimum_5_targets,0.5227776790272695,0.031713580507334777,-0.18026221628607622,0.2863766837346974,0.000999000999000999
Dejonckheere,happy,secondary,8,100,7902,100,7902,1000,participant_balanced_mae_B8_minus_L8,3.331788158158527,1.06921340170229,0.5221003816604295,1.6665433805368655,0.000999000999000999
Dejonckheere,happy,secondary,8,100,7902,100,7902,1000,mean_age_slope_minimum_5_targets,1.274692444748486,0.09061817186078808,-0.1613609094752944,0.3409452436241822,0.000999000999000999
Dejonckheere,happy,secondary,16,100,7902,100,7902,1000,participant_balanced_mae_B8_minus_L8,3.331788158158527,1.324006414270926,0.7678509355027171,1.9723047298360805,0.000999000999000999
Dejonckheere,happy,secondary,16,100,7902,100,7902,1000,mean_age_slope_minimum_5_targets,1.274692444748486,0.12429324507973116,-0.1298971471481659,0.3731747477969534,0.000999000999000999
Dejonckheere,happy,secondary,32,100,7902,100,7902,1000,participant_balanced_mae_B8_minus_L8,3.331788158158527,1.5575534448361168,0.9956874165108678,2.2180400134325757,0.000999000999000999
Dejonckheere,happy,secondary,32,100,7902,100,7902,1000,mean_age_slope_minimum_5_targets,1.274692444748486,0.15230339311472732,-0.12064850569258126,0.4385009665979151,0.000999000999000999
Dejonckheere,relaxed,secondary,8,100,7902,100,7902,1000,participant_balanced_mae_B8_minus_L8,3.7421694587680365,1.119503252206367,0.5193915726847996,1.7698178065736097,0.000999000999000999
Dejonckheere,relaxed,secondary,8,100,7902,100,7902,1000,mean_age_slope_minimum_5_targets,1.1938283609089504,0.1107632079404348,-0.17294406280541946,0.4101556499605032,0.000999000999000999
Dejonckheere,relaxed,secondary,16,100,7902,100,7902,1000,participant_balanced_mae_B8_minus_L8,3.7421694587680365,1.424918111750501,0.8543157902002505,2.0776296305493482,0.000999000999000999
Dejonckheere,relaxed,secondary,16,100,7902,100,7902,1000,mean_age_slope_minimum_5_targets,1.1938283609089504,0.14090610142394672,-0.15671462518399948,0.4344951541530645,0.000999000999000999
Dejonckheere,relaxed,secondary,32,100,7902,100,7902,1000,participant_balanced_mae_B8_minus_L8,3.7421694587680365,1.6596898241697797,1.045846625057202,2.3477579938458635,0.000999000999000999
Dejonckheere,relaxed,secondary,32,100,7902,100,7902,1000,mean_age_slope_minimum_5_targets,1.1938283609089504,0.16393949354554768,-0.15243657525215856,0.4906436748176659,0.000999000999000999
Dejonckheere,sad,primary,8,100,7902,100,7902,1000,participant_balanced_mae_B8_minus_L8,1.1744922467954977,0.5233266646448188,-0.13707987038481362,1.2382285165318863,0.03196803196803197
Dejonckheere,sad,primary,8,100,7902,100,7902,1000,mean_age_slope_minimum_5_targets,0.5328742814070168,0.036106913821078515,-0.2025250513831722,0.2542978022424314,0.000999000999000999
Dejonckheere,sad,primary,16,100,7902,100,7902,1000,participant_balanced_mae_B8_minus_L8,1.1744922467954977,0.6278416501110304,-0.06285490211855875,1.359910431222178,0.06393606393606394
Dejonckheere,sad,primary,16,100,7902,100,7902,1000,mean_age_slope_minimum_5_targets,0.5328742814070168,0.041205942426568956,-0.20158942645348366,0.2891250239536879,0.000999000999000999
Dejonckheere,sad,primary,32,100,7902,100,7902,1000,participant_balanced_mae_B8_minus_L8,1.1744922467954977,0.7604965253865154,0.11892674677282472,1.5048708415416792,0.13086913086913088
Dejonckheere,sad,primary,32,100,7902,100,7902,1000,mean_age_slope_minimum_5_targets,0.5328742814070168,0.06709891340455462,-0.17070426013729625,0.32234718989372085,0.000999000999000999
Dejonckheere,stressed,primary,8,100,7902,100,7902,1000,participant_balanced_mae_B8_minus_L8,3.854724720473499,1.1169858437076887,0.37053894913863167,1.9147014805057192,0.000999000999000999
Dejonckheere,stressed,primary,8,100,7902,100,7902,1000,mean_age_slope_minimum_5_targets,1.5682265475100143,0.08716884580044176,-0.21190114844732427,0.37690065245000104,0.000999000999000999
Dejonckheere,stressed,primary,16,100,7902,100,7902,1000,participant_balanced_mae_B8_minus_L8,3.854724720473499,1.3704000028747314,0.6455605375627974,2.148459982860467,0.000999000999000999
Dejonckheere,stressed,primary,16,100,7902,100,7902,1000,mean_age_slope_minimum_5_targets,1.5682265475100143,0.0966783448171895,-0.22608612462737884,0.42548429598234905,0.000999000999000999
Dejonckheere,stressed,primary,32,100,7902,100,7902,1000,participant_balanced_mae_B8_minus_L8,3.854724720473499,1.6136714067811417,0.880611576554382,2.3823957184574445,0.000999000999000999
Dejonckheere,stressed,primary,32,100,7902,100,7902,1000,mean_age_slope_minimum_5_targets,1.5682265475100143,0.10940968460640123,-0.22930923227882294,0.44780850250547827,0.000999000999000999
Marian,anhedonia,secondary,8,145,7071,145,7071,1000,participant_balanced_mae_B8_minus_L8,0.16888646215562933,0.0320598381017769,0.010420460474125672,0.05464683300695094,0.000999000999000999
Marian,anhedonia,secondary,8,145,7071,145,7071,1000,mean_age_slope_minimum_5_targets,0.05166492620045936,0.0034831811860801956,-0.00750589979289644,0.015188893989287348,0.000999000999000999
Marian,anhedonia,secondary,16,145,7071,145,7071,1000,participant_balanced_mae_B8_minus_L8,0.16888646215562933,0.040682730531850134,0.01912623892027254,0.06531084384607799,0.000999000999000999
Marian,anhedonia,secondary,16,145,7071,145,7071,1000,mean_age_slope_minimum_5_targets,0.05166492620045936,0.004082035843300222,-0.007034625934693884,0.0164118619208396,0.000999000999000999
Marian,anhedonia,secondary,32,145,7071,145,7071,1000,participant_balanced_mae_B8_minus_L8,0.16888646215562933,0.04868843696415702,0.02283778485498717,0.07761969638604112,0.000999000999000999
Marian,anhedonia,secondary,32,145,7071,145,7071,1000,mean_age_slope_minimum_5_targets,0.05166492620045936,0.005200550901225761,-0.007155093356120615,0.01795590684610681,0.000999000999000999
Marian,depressed,primary,8,145,7071,145,7071,1000,participant_balanced_mae_B8_minus_L8,0.14696696495164527,0.028863489130049557,0.007223449886933406,0.052852141134258894,0.000999000999000999
Marian,depressed,primary,8,145,7071,145,7071,1000,mean_age_slope_minimum_5_targets,0.059221110599840164,0.0023670650354819978,-0.007334012054679339,0.012652093378577185,0.000999000999000999
Marian,depressed,primary,16,145,7071,145,7071,1000,participant_balanced_mae_B8_minus_L8,0.14696696495164527,0.03599904735497671,0.012681144822559194,0.06131057927558464,0.000999000999000999
Marian,depressed,primary,16,145,7071,145,7071,1000,mean_age_slope_minimum_5_targets,0.059221110599840164,0.0022575925275680397,-0.009315809985678217,0.01284051221052502,0.000999000999000999
Marian,depressed,primary,32,145,7071,145,7071,1000,participant_balanced_mae_B8_minus_L8,0.14696696495164527,0.04215839786799637,0.018279199638725364,0.06755737103673487,0.000999000999000999
Marian,depressed,primary,32,145,7071,145,7071,1000,mean_age_slope_minimum_5_targets,0.059221110599840164,0.0030955944521431273,-0.008130638234300316,0.015708287787605073,0.000999000999000999
